"CV_MSE","Lambda","TestError","Size"
15.363545620541,944.00647894176,10.0146331527218,0
