"CV_MSE","Lambda","TestError","Size"
6.61811282412405,0.292729483504282,8.04373546673053,18
