"CV_MSE","Lambda","TestError","Size"
19.0522632090052,1.63009236097974,20.7342907395906,1
